{
  "_runtime": 32.300870418548584,
  "_step": 1,
  "_timestamp": 1766165167.7962463,
  "_wandb": "{'runtime': 51}",
  "best_epoch": 2,
  "best_val_acc": 49.77272727272727,
  "epoch": 2,
  "learning_rate": 0.0001,
  "train_acc": 48.63636363636363,
  "train_loss": 0.7966500184752724,
  "val_acc": 49.77272727272727,
  "val_loss": 0.7006961745875222
}