{
  "_runtime": 166.80586862564087,
  "_step": 12,
  "_timestamp": 1766163485.7635715,
  "_wandb": "{'runtime': 240}",
  "best_epoch": 6,
  "best_val_acc": 53.40909090909091,
  "epoch": 12,
  "learning_rate": 1e-05,
  "test_acc": 54.1,
  "test_loss": 0.6837320448830724,
  "train_acc": 53.23863636363637,
  "train_loss": 0.745671744780107,
  "val_acc": 52.27272727272727,
  "val_loss": 0.6802391324724469
}