{
  "_runtime": 231.23149824142456,
  "_step": 17,
  "_timestamp": 1766163797.652743,
  "_wandb": "{'runtime': 220}",
  "best_epoch": 6,
  "best_val_acc": 55.22727272727273,
  "epoch": 14,
  "learning_rate": 1e-05,
  "train_acc": 54.71590909090909,
  "train_loss": 0.6940307628024708,
  "val_acc": 52.95454545454545,
  "val_loss": 0.6919614715235574
}