_step,epoch,train_loss,train_acc,val_loss,val_acc,learning_rate
0,1,0.6775192542509599,53.80681818181818,0.659657712493624,56.36363636363637,0.0001
