{
  "model_architecture": "Siamese Network",
  "total_parameters": 12241089,
  "trainable_parameters": 12241089,
  "training_config": {
    "epochs": 20,
    "batch_size": 32,
    "learning_rate": 0.0001,
    "optimizer": "Adam",
    "weight_decay": 0.0005
  },
  "results": {
    "best_val_acc": 77.27272727272727,
    "test_loss": 0.5313607826828957,
    "test_acc": 73.1
  },
  "training_history": {
    "train_loss": [
      0.7070212570103732,
      0.6767464952035384,
      0.6661954262039879,
      0.6504538059234619,
      0.6323579571463845,
      0.6094541836868633,
      0.6015699576247823,
      0.5949912071228027,
      0.5770668875087391,
      0.5707534540783276,
      0.5353817674246701,
      0.5242726851593364,
      0.526109644499692,
      0.5118186636404558,
      0.5095218988982114,
      0.516743896224282,
      0.5087416155771776,
      0.5158987565474077,
      0.506493746692484,
      0.5023923911831596
    ],
    "train_acc": [
      51.81818181818182,
      58.75,
      60.96590909090909,
      63.80681818181818,
      65.51136363636364,
      67.1590909090909,
      67.95454545454545,
      67.95454545454545,
      69.88636363636364,
      70.79545454545455,
      73.125,
      75.2840909090909,
      74.26136363636364,
      75.45454545454545,
      74.88636363636364,
      73.75,
      75.11363636363636,
      75.11363636363636,
      74.43181818181819,
      75.05681818181819
    ],
    "val_loss": [
      0.6591969345297132,
      0.62370537008558,
      0.5990589771951947,
      0.5995058247021267,
      0.5757935834782464,
      0.5858713388442993,
      0.5766655994313103,
      0.5289676444871085,
      0.5362042507955006,
      0.5341426197971616,
      0.5312928450959069,
      0.5200675129890442,
      0.5208390993731362,
      0.511161384837968,
      0.5142788227115359,
      0.5079478451183864,
      0.5120927286999566,
      0.5014669852597373,
      0.4963069260120392,
      0.4977342869554247
    ],
    "val_acc": [
      60.0,
      66.36363636363636,
      67.04545454545455,
      66.5909090909091,
      67.27272727272727,
      70.0,
      69.77272727272727,
      73.4090909090909,
      72.5,
      72.72727272727273,
      71.5909090909091,
      73.18181818181819,
      73.63636363636364,
      74.31818181818181,
      73.4090909090909,
      74.77272727272727,
      74.77272727272727,
      76.13636363636364,
      77.27272727272727,
      75.22727272727273
    ]
  }
}