{
  "_runtime": 258.3319058418274,
  "_step": 23,
  "_timestamp": 1766165043.2558248,
  "_wandb": "{'runtime': 257}",
  "best_epoch": 15,
  "best_val_acc": 67.04545454545455,
  "confusion_matrix": "{'_type': 'image-file', 'format': 'png', 'height': 1764, 'path': 'media/images/confusion_matrix_22_78ecc20a398c72a09268.png', 'sha256': '78ecc20a398c72a09268d02474106325a31c306fc2980d8ab382a5b9bc0e4e50', 'size': 118281, 'width': 2270}",
  "epoch": 20,
  "learning_rate": 1.0000000000000002e-06,
  "summary/best_val_acc": 67.04545454545455,
  "summary/fn": 220,
  "summary/fp": 148,
  "summary/precision_diff": 0.6153846153846154,
  "summary/precision_same": 0.6542056074766355,
  "summary/recall_diff": 0.704,
  "summary/recall_same": 0.56,
  "summary/test_acc": 63.2,
  "summary/test_loss": 0.6418795306235552,
  "summary/tn": 352,
  "summary/total_parameters": 10650049,
  "summary/tp": 280,
  "summary/trainable_parameters": 10650049,
  "test_acc": 63.2,
  "test_loss": 0.6418795306235552,
  "train_acc": 57.67045454545455,
  "train_loss": 0.6766391320662065,
  "training_history": "{'_type': 'image-file', 'format': 'png', 'height': 1466, 'path': 'media/images/training_history_20_7b00caa8dafac7fbbebc.png', 'sha256': '7b00caa8dafac7fbbebc579fa38b0fefb49b4823496aa67eb88a8d0903827a79', 'size': 310107, 'width': 4470}",
  "val_acc": 63.63636363636363,
  "val_loss": 0.6403719825404031
}